Name,Category,Sub_Category
abstract_algebra,STEM,math
anatomy,"other (business, health, misc.)",health
astronomy,STEM,physics
business_ethics,"other (business, health, misc.)",business
clinical_knowledge,"other (business, health, misc.)",health
college_biology,STEM,biology
college_chemistry,STEM,chemistry
college_computer_science,STEM,computer science
college_mathematics,STEM,math
college_medicine,"other (business, health, misc.)",health
college_physics,STEM,physics
computer_security,STEM,computer science
conceptual_physics,STEM,physics
econometrics,social sciences,economics
electrical_engineering,STEM,engineering
elementary_mathematics,STEM,math
formal_logic,humanities,philosophy
global_facts,"other (business, health, misc.)",other
high_school_biology,STEM,biology
high_school_chemistry,STEM,chemistry
high_school_computer_science,STEM,computer science
high_school_european_history,humanities,history
high_school_geography,social sciences,geography
high_school_government_and_politics,social sciences,politics
high_school_macroeconomics,social sciences,economics
high_school_mathematics,STEM,math
high_school_microeconomics,social sciences,economics
high_school_physics,STEM,physics
high_school_psychology,social sciences,psychology
high_school_statistics,STEM,math
high_school_us_history,humanities,history
high_school_world_history,humanities,history
human_aging,"other (business, health, misc.)",health
human_sexuality,social sciences,culture
international_law,humanities,law
jurisprudence,humanities,law
logical_fallacies,humanities,philosophy
machine_learning,STEM,computer science
management,"other (business, health, misc.)",business
marketing,"other (business, health, misc.)",business
medical_genetics,"other (business, health, misc.)",health
miscellaneous,"other (business, health, misc.)",other
moral_disputes,humanities,philosophy
moral_scenarios,humanities,philosophy
nutrition,"other (business, health, misc.)",health
philosophy,humanities,philosophy
prehistory,humanities,history
professional_accounting,"other (business, health, misc.)",other
professional_law,humanities,law
professional_medicine,"other (business, health, misc.)",health
professional_psychology,social sciences,psychology
public_relations,social sciences,politics
security_studies,social sciences,politics
sociology,social sciences,culture
us_foreign_policy,social sciences,politics
virology,"other (business, health, misc.)",health
world_religions,humanities,philosophy
